Timestamp,Scenario,Controller,Throughput_Mbps,Avg_Delay_ms,PacketLoss_Ratio,p95_Delay_ms,Max_PacketLoss,Jains_Fairness,QoS_Violations,Total_Downtime_s,Congestion_Intensity,Satisfaction_Percent,Cell_Edge_Tput,Avg_SINR_dB,Avg_RSRP_dBm,Avg_HO_per_UE,Avg_Inference_ms,EnergyEfficiency_Mbps_W,Model_Params,HO_Success_Rate,Control_Stability,QoS_Score,Reliability_Score,Resource_Score,Buffer_Score,PHY_Score,Architecture_Score,Config_num_ues,Config_num_cells,Config_sim_time,Config_kpm_interval_ms,Config_system_bandwidth_mhz,Config_model_path
22-02-2026 6.40,flash_crowd,bdh,1.7011317490000002,50.79484754,0.294998625,99.2954,0.5193222,0.519695784,196,14.8,0,80.0,0.0,17.47126499,-116.5031412,0.0,60.68138957,15.846672110000002,6414355,1.0,48.209686,68.15681120662738,88.27491470477347,18.62705095957378,90.69986734854808,52.64273542005506,0.0,20,3,60,100,10,bdh,,,,,,,,,,,,,,,,,,,,,,,,,,,,,,,,,,
22-02-2026 6.40,handover_ping_pong,bdh,1.988604651,40.00028574,0.164575469,67.764125,0.4172093,0.790151244,284,11.699999999999998,0,89.99999999999999,0.0,32.98995564,-115.2341308,0.0,59.8746619,26.27303118,6414355,1.0,50.17772,75.79332830276999,91.95079507383902,28.55753830186552,94.81787123992851,74.87088042710153,0.0,20,3,60,100,10,bdh,,,,,,,,,,,,,,,,,,,,,,,,,,,,,,,,,,
22-02-2026 6.40,traffic_burst,bdh,1.841940435,63.62696464,0.538394427,105.8345335,0.87273725,0.544586895,152,15.0,0,85.0,0.0,17.35782162,-116.8235451,0.0,61.98907975,13.73597972,6414355,1.0,46.076653,69.04929870338891,81.09331265858879,19.68432923519326,83.01484506782933,52.267395409158645,0.0,20,3,60,100,10,bdh,,,,,,,,,,,,,,,,,,,,,,,,,,,,,,,,,,
22-02-2026 6.41,mobility_storm,bdh,1.9262071670000005,33.423824970000005,0.1178403419999999,59.68348275,0.4378979999999999,0.921586835,400,12.5,0,90.9090909090909,1.000762913,27.43002997,-117.4065338,9.05,76.84788624,35.69467045,6414355,0.0,57.843,76.8331022107668,67.04871578177736,51.77869858128529,96.29349444023015,65.73198395046246,0.0,20,3,60,100,10,bdh,,,,,,,,,,,,,,,,,,,,,,,,,,,,,,,,,,
22-02-2026 6.45,ambulance,bdh,2.10153404,37.54167905,0.1608974769999999,63.26068975,0.4378979999999999,0.8315016,488,23.5,0,85.0,0.4318654,32.29902949,-115.2436394,9.65,73.60015472,30.64088433,6414355,0.0,59.540207,75.10591468177493,64.10644708376645,38.37311763837691,94.93400081256718,73.91338201773917,0.0,20,3,60,100,10,bdh,,,,,,,,,,,,,,,,,,,,,,,,,,,,,,,,,,
22-02-2026 6.45,adversarial,bdh,1.923890334,43.25335025,0.189570709,67.93050025000001,0.4172093,0.783904866,544,25.9,0,89.99999999999999,0.0,33.70105208,-114.9294277,0.0,61.48178231,41.29946302,6414355,1.0,50.267605,75.11760690866927,89.1847041607356,28.69542608503752,94.02866709288281,76.05809106420507,0.0,20,3,60,100,10,bdh,,,,,,,,,,,,,,,,,,,,,,,,,,,,,,,,,,
22-02-2026 6.46,commuter_rush,bdh,1.263036194,42.19933625000001,0.0916037609999999,121.566088,0.4740197499999999,0.686995177,266,12.1,0,65.0,0.0,10.45247203,-127.4900682,0.0,66.58171891,31.946834800000005,6414355,1.0,48.84909,60.36447027917032,92.80127425639222,23.776791266767447,97.12189290847851,35.4656174499311,0.0,20,3,60,100,10,bdh,,,,,,,,,,,,,,,,,,,,,,,,,,,,,,,,,,
22-02-2026 6.47,sleepy_campus,bdh,1.8042206920000003,60.55173666,0.391734435,115.5383527,0.931844,0.567710211,566,47.79999999999999,0,85.0,0.0,18.43787206,-116.2151006,6.05,72.76703755,36.32876487,6414355,0.0,58.18748,68.68453793395639,54.36139522098445,21.098209298200366,87.64551370282095,54.17023262341189,0.0,20,3,60,100,10,bdh,,,,,,,,,,,,,,,,,,,,,,,,,,,,,,,,,,
22-02-2026 6.47,iot_tsunami,bdh,0.2992535999999999,22.616697,0.000555556,45.895245,0.00277778,0.42801291,0,0.0,0,5.0,0.0,9.17397021,-123.908114,0.0,60.16234557,0.0390325719999999,6414355,1.0,62.706894,39.91385422295481,99.99805464387583,12.107376764561595,99.99666510378715,36.156385075816004,0.0,20,3,60,100,10,bdh,,,,,,,,,,,,,,,,,,,,,,,,,,,,,,,,,,
22-02-2026 6.49,urban_canyon,bdh,0.318538288,42.71928592,0.045387845,126.1926045,0.2484966049999999,0.578350171,228,0.2999999999999999,0,0.0,0.0,-6.539455753,-135.5560849,0.0,57.67189561,4.121321243,6414355,1.0,62.63453,32.34215021816484,97.26988233874619,17.275174109318016,98.58112244845154,6.559705362055485,0.0,20,3,60,100,10,bdh,,,,,,,,,,,,,,,,,,,,,,,,,,,,,,,,,,
22-02-2026 6.50,mixed_reality,bdh,1.801634933,63.06614034,0.412328208,126.789518,0.931844,0.573753572,577,51.0,0,85.0,0.0,17.38491053,-116.4608353,6.15,64.72536683,34.94194147,6414355,0.0,55.935547,67.87108509276035,53.40197622459144,21.24905254522762,86.99528225655689,52.55281931660291,0.0,20,3,60,100,10,bdh,,,,,,,,,,,,,,,,,,,,,,,,,,,,,,,,,,
22-02-2026 6.57,spectrum_crunch,bdh,2.3249114540000004,69.60416785000001,0.886371954,76.2433425,0.9532521,0.472248015,321,32.1,0,65.0,0.0,7.114385895,-113.6270176,0.0,36.86211306,18.32159994,6414355,1.0,86.95652173913044,65.44758379167106,71.30014799881273,18.449241135595337,72.02774082769778,40.35511457223663,0.0,20,3,60,100,10,bdh,,,,,,,,,,,,,,,,,,,,,,,,,,,,,,,,,,
22-02-2026 4.15,mobility_storm,gpt2,1.576812522,40.46916397,0.137714441,65.48692225,0.40681275,0.764301358,369,24.0,0,85.0,0.0,13.68126651,-123.7180767,0.0,36.80323559,112.346583,3217939,1.0,56.52763,71.92968943974617,90.52675157734633,29.59043916837098,95.66598610865994,42.49025376308869,0.0,20,3,60,100,10,gpt2,,,,,,,,,,,,,,,,,,,,,,,,,,,,,,,,,,
22-02-2026 4.15,handover_ping_pong,gpt2,2.086905813,41.02994726,0.143902164,62.768558,0.40751015,0.787243311,468,21.2,0,85.0,0.0,20.1071227,-120.5519407,0.0,38.58107199,144.0740812,3217939,1.0,55.3426,74.70363129925245,90.86217254391572,32.45033893360943,95.4706138436859,53.50085726319636,0.0,20,3,60,100,10,gpt2,,,,,,,,,,,,,,,,,,,,,,,,,,,,,,,,,,
22-02-2026 4.17,flash_crowd,gpt2,1.151819998,70.99688101,0.333041538,136.755684,0.92810895,0.561661638,594,52.2,0,30.0,0.0,4.235369971,-120.7202718,11.4,44.86758947,68.99101292,3217939,0.0,62.68125,43.905704995247575,51.51843058449477,20.565630126968472,89.49869365686524,31.539757869984456,0.0,20,3,60,100,10,gpt2,,,,,,,,,,,,,,,,,,,,,,,,,,,,,,,,,,
22-02-2026 4.17,traffic_burst,gpt2,1.550175757,82.67670584,0.527764961,155.083106,0.9468288,0.592920895,578,48.1,0,60.0,0.0,6.795614079,-121.4361233,8.5,41.67750041,121.5167885,3217939,0.0,61.38694,54.450997588778876,50.21149716795016,24.133202915138643,83.35046171516221,34.57395597210604,0.0,20,3,60,100,10,gpt2,,,,,,,,,,,,,,,,,,,,,,,,,,,,,,,,,,
22-02-2026 4.20,adversarial,gpt2,2.007333435,44.40114329,0.182515665,86.505922,0.90607675,0.705259814,499,20.1,0,75.0,0.0,14.80337719,-122.7282677,8.95,48.61251593,339.1840284,3217939,0.0,67.99075,69.28888029622149,61.151992020598335,35.82073008780483,94.25142430515163,44.71188361528769,0.0,20,3,60,100,10,gpt2,,,,,,,,,,,,,,,,,,,,,,,,,,,,,,,,,,
22-02-2026 4.20,sleepy_campus,gpt2,1.220376322,91.15672193,0.440140508,167.5956613,0.95681815,0.566539375,583,52.5,0,35.0,0.0,5.060256243,-120.5311467,14.3,50.50457954,153.0697677,3217939,0.0,69.51802,42.498951001277355,47.52553238930508,23.571732002847753,86.11713175674656,32.80451952682016,0.0,20,3,60,100,10,gpt2,,,,,,,,,,,,,,,,,,,,,,,,,,,,,,,,,,
22-02-2026 4.20,ambulance,gpt2,1.700526835,40.06794059,0.149120531,66.77629325,0.39121695,0.731272874,516,15.5,0,80.0,0.022261667,14.72130968,-122.405193,1.9,40.44569135,117.8855879,3217939,0.0,56.680317,70.81123606699182,70.66467030513417,29.347947315222992,95.30584819721855,44.81994887724664,0.0,20,3,60,100,10,gpt2,,,,,,,,,,,,,,,,,,,,,,,,,,,,,,,,,,
22-02-2026 4.21,commuter_rush,gpt2,1.086860903,46.67845625,0.072961773,77.53945725,0.5128988,0.915760069,229,8.5,0,70.0,0.420255813,9.124363721,-126.8495307,0.0,40.5758072,122.1742115,3217939,1.0,58.112083,62.88023932666262,93.43586929998122,41.74832688427799,97.71049834850533,34.07581153597946,0.0,20,3,60,100,10,gpt2,,,,,,,,,,,,,,,,,,,,,,,,,,,,,,,,,,
22-02-2026 4.21,iot_tsunami,gpt2,0.168942105,107.2659861,0.07708663,244.5268545,0.2781151,0.307877873,11,0.1,0,5.0,0.0,-2.667397838,-124.8481871,0.0,19.62075233,0.472214871,3217939,1.0,59.456963,21.07834461191725,96.49507570470914,7.853339160969319,97.5802593809911,19.214754726979635,0.0,20,3,60,100,10,gpt2,,,,,,,,,,,,,,,,,,,,,,,,,,,,,,,,,,
22-02-2026 4.22,urban_canyon,gpt2,0.125304173,14.31285097,0.019389302,52.27706675,0.29770665,0.464002355,61,0.9,0,0.0,0.0,-9.890808225,-138.4018995,2.4,44.92787004,21.64351618,3217939,0.0,73.102684,37.76352469210978,75.82762748535417,13.628921285901214,99.4020050626111,0.0,0.0,20,3,60,100,10,gpt2,,,,,,,,,,,,,,,,,,,,,,,,,,,,,,,,,,
22-02-2026 4.25,mixed_reality,gpt2,1.19208055,99.58977837,0.555460088,170.2538462,0.91114005,0.500513066,590,57.8,0,30.0,0.0,3.84508956,-120.3401944,3.2,33.17170938,136.5436887,3217939,0.0,63.376842,39.626279347579995,51.603060715476346,20.787213104521534,82.47601085646443,31.26259467801377,0.0,20,3,60,100,10,gpt2,,,,,,,,,,,,,,,,,,,,,,,,,,,,,,,,,,
22-02-2026 4.38,spectrum_crunch,gpt2,3.761905176,54.77419042,0.816020916,81.63678025,0.95016725,0.674318994,594,59.4,0,85.0,1.606972625,11.00434451,-116.8439136,0.0,22.83632218,543.9130146,3217939,1.0,73.77922,81.26745055501355,68.1863334377345,75.07598890236618,74.24901699622305,43.508511100266794,0.0,20,3,60,100,10,gpt2,,,,,,,,,,,,,,,,,,,,,,,,,,,,,,,,,,
22-02-2026 4.43,mobility_storm,linear,2.045044903,38.30855809,0.077665477,59.39729025,0.35598745,0.694186141,351,3.2,0,80.0,0.0,16.46546294,-122.3249944,0.0,120.9080566,308.2720619,3217939,1.0,85.59546,73.16874116581465,95.39357597291854,34.54021090981002,97.56198276300684,47.275473785550005,0.0,20,3,60,100,10,linear,,,,,,,,,,,,,,,,,,,,,,,,,,,,,,,,,,
22-02-2026 4.43,handover_ping_pong,linear,2.172060965,32.74788416,0.064993991,46.20616225,0.2867517,0.671289546,321,1.5,0,75.0,0.0,21.34143682,-120.1717217,0.0,121.1631059,306.0693934,3217939,1.0,85.80666,73.28946052423021,96.42532116252235,33.97729488410212,97.96207451249319,55.459888948191384,0.0,20,3,60,100,10,linear,,,,,,,,,,,,,,,,,,,,,,,,,,,,,,,,,,
22-02-2026 4.44,flash_crowd,linear,1.448544625,84.76292444,0.414802235,152.4595763,0.928558,0.369121767,592,55.4,0,35.0,0.0,6.946911924,-118.6554951,7.6,128.8152655,152.4859484,3217939,0.0,84.08562,45.0827122881236,51.78923831412865,17.475128679702536,86.91716688865871,36.684498537023856,0.0,20,3,60,100,10,linear,,,,,,,,,,,,,,,,,,,,,,,,,,,,,,,,,,
22-02-2026 4.45,traffic_burst,linear,1.602981652,90.48022035,0.641354716,156.935535,0.9448945,0.552274755,551,46.2,0,50.0,0.0,9.420434187,-118.0500534,6.35,130.4834704,103.9897866,3217939,0.0,82.28726,50.359455691135715,49.743612721896355,22.331537651011605,79.76395861665608,40.503261305391895,0.0,20,3,60,100,10,linear,,,,,,,,,,,,,,,,,,,,,,,,,,,,,,,,,,
22-02-2026 4.47,adversarial,linear,2.159172125,40.90319483,0.144955095,120.3921072,0.94149915,0.689882227,367,7.5,0,80.0,0.0,21.48119581,-119.2657546,7.55,108.9843253,255.5009644,3217939,0.0,84.922775,70.5404252448451,64.46973739395321,32.94461506155245,95.43736841328581,56.272047959423276,0.0,20,3,60,100,10,linear,,,,,,,,,,,,,,,,,,,,,,,,,,,,,,,,,,
22-02-2026 4.48,sleepy_campus,linear,1.39314907,93.96038514,0.504883375,168.1834187,0.9394782,0.529837749,581,51.6,0,35.0,0.0,6.409799002,-119.5835735,10.95,143.3794685,123.2643867,3217939,0.0,83.76543,43.10356600268303,48.63738648251436,21.76077697438577,84.07292897541588,35.310293203447316,0.0,20,3,60,100,10,linear,,,,,,,,,,,,,,,,,,,,,,,,,,,,,,,,,,
22-02-2026 4.48,ambulance,linear,1.900738277,30.01157638,0.078676444,46.63554625,0.3663702,0.625115896,424,2.7,0,80.0,0.031998787,18.88269393,-122.3360904,3.7,131.5650078,255.3677534,3217939,0.0,87.0453,73.85737313572157,73.13864735253682,30.83874115262241,97.5300623113958,50.594968540654094,0.0,20,3,60,100,10,linear,,,,,,,,,,,,,,,,,,,,,,,,,,,,,,,,,,
22-02-2026 4.50,urban_canyon,linear,0.2476281,19.72025321,0.031212158,74.02231975,0.3080082,0.667202745,117,1.5,0,0.0,0.0,-7.6302537,-137.0406548,4.2,109.7661328,21.76876238,3217939,0.0,87.70918,36.80988773342218,74.34540555080365,20.644389261195194,99.02870810746589,4.042696461171948,0.0,20,3,60,100,10,linear,,,,,,,,,,,,,,,,,,,,,,,,,,,,,,,,,,
22-02-2026 4.50,commuter_rush,linear,0.743866321,87.63363518,0.161317265,168.8735775,0.86497825,0.964916343,468,19.2,0,0.0,0.545960997,6.936512459,-128.1812815,0.0,131.0218981,170.1566792,3217939,1.0,85.24763,28.01910220917943,87.41498232805526,46.543334379030306,94.92074635169863,30.15336161576468,0.0,20,3,60,100,10,linear,,,,,,,,,,,,,,,,,,,,,,,,,,,,,,,,,,
22-02-2026 4.54,mixed_reality,linear,1.166508725,110.2911742,0.697936895,175.3176135,0.90882615,0.445326401,593,58.3,0,20.0,0.0,3.491678568,-118.4873544,2.5,125.5398564,113.8230911,3217939,0.0,80.73061,34.67390102722233,49.33877951542136,18.169827537598653,77.97742284761839,32.0437315463749,0.0,20,3,60,100,10,linear,,,,,,,,,,,,,,,,,,,,,,,,,,,,,,,,,,
22-02-2026 5.12,spectrum_crunch,linear,4.768199542,62.26324475,0.799179618,106.4742288,0.9607741,0.315076565,593,59.3,0,80.0,0.90991988,7.678850919,-120.9268446,0.1,110.3059069,934.5652142,3217939,0.0,81.85494,82.87968171776954,48.37222135375019,64.7936000948935,74.78076713037788,36.13805646421752,0.0,20,3,60,100,10,linear,,,,,,,,,,,,,,,,,,,,,,,,,,,,,,,,,,
22-02-2026 5.13,iot_tsunami,linear,0.087288254,177.2906748,0.180400767,312.2305965,0.35814205,0.2478428,588,23.7,0,0.0,0.0,-5.209766066,-132.5175326,0.0,101.7049306,27.37949631,3217939,1.0,90.21709,8.593197686620622,90.15643220427862,6.5492888494596535,94.3182004702206,10.4686430517595,0.0,20,3,60,100,10,linear,,,,,,,,,,,,,,,,,,,,,,,,,,,,,,,,,,
22-02-2026 5.17,mobility_storm,nn,1.7994062055200002,29.892762782400006,0.011526004000000001,37.087830360000005,0.48748448,0.64252953248,21,0.672,0,79.2,0.51743680384,19.2000652712,-105.876473912,0.0,1.0070302771200002,568.5171477920001,140563,0.88,98.115036,73.51864540281281,93.63020774455129,50.31785338956742,99.65028223022605,62.29222516368014,98.57760327364937,20,3,60,100,10,nn,,,,,,,,,,,,,,,,,,,,,,,,,,,,,,,,,,
22-02-2026 5.17,handover_ping_pong,nn,1.8874126867199998,28.295398992,0.00846865936,31.598140280000003,0.5054528640000001,0.6382151300800001,21,0.672,0,79.2,0.0,25.6405918472,-102.82075496,0.0,1.05721475328,593.97779628,140563,0.88,98.10528,74.41134751973205,93.55096351216909,41.51810385718656,99.74681537288987,73.24748203960579,98.56009406839019,20,3,60,100,10,nn,,,,,,,,,,,,,,,,,,,,,,,,,,,,,,,,,,
22-02-2026 5.18,flash_crowd,nn,1.17329465616,83.1398208368,0.49706997424000005,134.59033168000002,1.046195024,0.42153592712,597,64.28800000000001,0,30.8,0.0,8.2146358756,-102.662961808,6.888000000000001,1.12661189984,396.402688704,140563,0.0,97.831085,43.190221503384045,48.374245126167835,26.464584410783736,84.31963067871305,49.370281038247505,98.53588162309842,20,3,60,100,10,nn,,,,,,,,,,,,,,,,,,,,,,,,,,,,,,,,,,
22-02-2026 5.20,traffic_burst,nn,1.33424681104,102.80849093760001,0.74114670896,149.50746294400003,1.053062248,0.50189067544,462,50.06400000000001,0,48.4,0.0,11.5767267176,-102.55966256800001,3.0240000000000005,1.1873725259200003,470.411945256,140563,0.0,97.63852,47.50715630218446,48.47500252558308,31.85112556990421,76.6131085073558,54.06854501378223,98.51468243252963,20,3,60,100,10,nn,,,,,,,,,,,,,,,,,,,,,,,,,,,,,,,,,,
22-02-2026 5.22,adversarial,nn,1.7847479645600002,42.5215248416,0.13342071792000001,151.001496464,1.053062248,0.62107673584,93,8.736,0,79.2,0.0,23.306350830400003,-102.784181016,3.0240000000000005,1.23274294528,576.109720032,140563,0.0,98.127235,66.62683310868175,66.37888884467495,40.157816952803536,95.80155688377559,70.05964507840139,98.4988528364861,20,3,60,100,10,nn,,,,,,,,,,,,,,,,,,,,,,,,,,,,,,,,,,
22-02-2026 5.22,sleepy_campus,nn,1.3617730236,104.05662853600002,0.63862165584,148.467185216,1.0522639120000001,0.44813775688,596,65.74400000000001,0,35.2,0.0,11.768635832800001,-102.831374976,8.792,1.2156571067200002,460.405551496,140563,0.0,97.839005,42.9585769612806,44.33264266824721,29.80184141170349,79.85025274355374,54.14680434716672,98.50481403160583,20,3,60,100,10,nn,,,,,,,,,,,,,,,,,,,,,,,,,,,,,,,,,,
22-02-2026 5.22,ambulance,nn,1.8725562354399998,30.1312189472,0.058664552800000005,33.295031,0.5054528640000001,0.6373480036,92,0.672,0,79.2,0.002922656,25.3140321104,-102.960548856,0.56,3.5407116572800006,591.249592648,140563,0.0,98.113365,74.06646616437791,74.68754098786506,41.42484601146466,98.16192131836141,72.7023675757519,97.69360984099615,20,3,60,100,10,nn,,,,,,,,,,,,,,,,,,,,,,,,,,,,,,,,,,
22-02-2026 5.23,iot_tsunami,nn,0.08778792,45.50677272960001,0.02172407664,69.810167,0.073913784,0.10121907664,3,0.0,0,4.4,0.0,-5.42495844,-110.634967344,0.0,1.2485445459200002,0.58850316008,140563,0.88,98.32607,35.13061883424197,96.67151019340702,0.8177843682491521,99.32828647345953,25.142848639345484,98.49333970792125,20,3,60,100,10,nn,,,,,,,,,,,,,,,,,,,,,,,,,,,,,,,,,,
22-02-2026 5.23,commuter_rush,nn,0.81984736856,78.73927692960001,0.04837364,267.51691400000004,0.5047104720000001,0.8700290165600001,171,4.816,0,22.0,0.6840361378400001,10.856267065599999,-110.35983745600001,0.22400000000000003,1.07300764704,297.9515286,140563,0.0,99.77121,32.20356361304535,74.41314199979767,50.23077422578825,98.48684842682869,47.74061155633457,98.55458397762828,20,3,60,100,10,nn,,,,,,,,,,,,,,,,,,,,,,,,,,,,,,,,,,
22-02-2026 5.24,urban_canyon,nn,0.07446737760000001,5.363356580960001,0.00676086096,15.586799200000003,0.109981984,0.32227456976,11,0.0,0,0.0,0.0108188432,-8.255348622400001,-121.63105820800001,1.2320000000000002,1.08928661296,26.0029519464,140563,0.0,99.21305,40.17778800221664,78.32942256011579,9.153445811743042,99.80073770288541,13.724394736358352,98.54890429782468,20,3,60,100,10,nn,,,,,,,,,,,,,,,,,,,,,,,,,,,,,,,,,,
22-02-2026 5.27,mixed_reality,nn,1.08233236584,131.67795524800002,0.91606883088,162.99990750400002,1.0067713600000001,0.40087155064,591,65.85600000000001,0,22.0,0.0,6.61786628096,-102.77916836,3.4720000000000004,0.88326587664,386.58134882400003,140563,0.0,97.88524,33.389836397872664,42.767119292702276,25.27018371700118,71.09008636276761,47.09298164052076,98.62078428215237,20,3,60,100,10,nn,,,,,,,,,,,,,,,,,,,,,,,,,,,,,,,,,,
22-02-2026 5.39,spectrum_crunch,nn,2.1279929572,49.561544513600005,0.9811913451200001,54.6223174,1.0691215360000001,0.38477412336,579,64.4,0,74.8,0.1366836768,6.04218397288,-104.581941376,0.56,0.7543768568000001,774.78295972,140563,0.0,99.84679,70.8945370412991,43.09600228321466,41.96041484078056,69.03389653205382,45.06728931588042,98.6657532541675,20,3,60,100,10,nn,,,,,,,,,,,,,,,,,,,,,,,,,,,,,,,,,,
22-02-2026 5.44,mobility_storm,reformer,2.044199431,35.18564829,0.053820195,51.506402,0.35564095,0.730725203,256,1.4,0,85.0,0.0,23.61539256,-118.650485,0.0,57.82933546,36.49297606,3232019,1.0,71.65105,75.6111629920149,96.12765344890151,27.02838100179779,98.31487793192196,59.63048532552394,0.0,20,3,60,100,10,reformer,,,,,,,,,,,,,,,,,,,,,,,,,,,,,,,,,,
22-02-2026 5.44,handover_ping_pong,reformer,2.035747525,33.65945644,0.066856785,44.9309995,0.40739335,0.739740698,347,1.6,0,85.0,0.0,28.03251726,-115.8847101,0.0,60.01734933,31.73222533,3232019,1.0,69.28692,76.03954615130594,95.46464192872084,27.157278902422856,97.90325832389522,67.60236646598283,0.0,20,3,60,100,10,reformer,,,,,,,,,,,,,,,,,,,,,,,,,,,,,,,,,,
22-02-2026 5.45,flash_crowd,reformer,1.64660204,56.25296643,0.313595705,98.893396,0.5772418,0.687902305,590,49.2,0,60.0,0.0,8.649558476,-119.2245813,9.15,68.02338878,39.52591791,3232019,0.0,63.68361,60.342092092814994,56.372345117755025,24.861606322429882,90.11267984168916,38.63870187210775,0.0,20,3,60,100,10,reformer,,,,,,,,,,,,,,,,,,,,,,,,,,,,,,,,,,
22-02-2026 5.46,traffic_burst,reformer,1.880976882,73.6897177,0.453778979,136.964322,0.91056135,0.664630417,574,50.1,0,65.0,0.0,12.29055219,-118.7293695,8.6,63.84301424,47.64042424,3232019,0.0,64.67648,59.732247545200934,51.462528554709465,24.84450845481532,85.6865082511286,43.98896575785774,0.0,20,3,60,100,10,reformer,,,,,,,,,,,,,,,,,,,,,,,,,,,,,,,,,,
22-02-2026 5.48,adversarial,reformer,2.197437917,40.85146618,0.153144171,101.8495877,0.92134035,0.734349582,421,14.3,0,85.0,0.0,23.75997123,-117.9056952,10.2,71.08530641,62.65065071,3232019,0.0,71.77242,73.40155936574652,61.76311233041417,28.312657534033196,95.17880507323898,60.339012836133996,0.0,20,3,60,100,10,reformer,,,,,,,,,,,,,,,,,,,,,,,,,,,,,,,,,,
22-02-2026 5.48,sleepy_campus,reformer,1.559015767,81.57022091,0.403671575,175.3031943,0.9409298,0.612213766,579,49.3,0,65.0,0.0,8.250387187,-118.6644347,13.5,70.31502684,41.13350708,3232019,0.0,73.88292,55.37307452980388,49.32083386773211,22.21267841128167,87.2686083243623,38.47249097862027,0.0,20,3,60,100,10,reformer,,,,,,,,,,,,,,,,,,,,,,,,,,,,,,,,,,
22-02-2026 5.49,ambulance,reformer,1.7233358,41.03075757,0.122438126,59.60477925,0.3861578,0.74676055,523,6.0,0,80.0,0.059659947,20.70811586,-119.5019238,3.9,65.62362591,29.27662097,3232019,0.0,69.158035,71.18503020785371,71.52648046028398,27.76464403907337,96.14832319162359,55.0464087010274,0.0,20,3,60,100,10,reformer,,,,,,,,,,,,,,,,,,,,,,,,,,,,,,,,,,
22-02-2026 5.49,iot_tsunami,reformer,0.160264571,54.22340071,0.000449935,122.566682,0.003149543,0.302035315,2,0.0,0,5.0,0.0,-0.543303986,-124.8088507,0.0,30.09462357,0.087148747,3232019,1.0,65.366486,32.28116215587322,99.99719538385787,7.628464257765551,100.0,22.16527646223274,0.0,20,3,60,100,10,reformer,,,,,,,,,,,,,,,,,,,,,,,,,,,,,,,,,,
22-02-2026 5.50,commuter_rush,reformer,1.108784698,64.9150652,0.075378319,135.5969725,0.6150185,0.977612969,308,4.9,0,75.0,0.85574984,10.94685897,-121.8112599,2.35,62.59645502,19.19865251,3232019,0.0,69.95258,60.09290296124825,71.783335165587,48.67467560581046,97.63419789591009,40.03110490046046,0.0,20,3,60,100,10,reformer,,,,,,,,,,,,,,,,,,,,,,,,,,,,,,,,,,
22-02-2026 5.51,urban_canyon,reformer,0.376637347,45.74726404,0.054391631,125.609045,0.34942475,0.707075892,252,1.2,0,0.0,0.085139773,-4.768852117,-134.4049104,5.4,70.5498596,11.35786964,3232019,0.0,80.707,32.37497075519211,72.92852530124064,23.4975877454862,98.29683531016792,9.784317429304949,0.0,20,3,60,100,10,reformer,,,,,,,,,,,,,,,,,,,,,,,,,,,,,,,,,,
22-02-2026 5.54,mixed_reality,reformer,1.650798462,106.8538429,0.566127015,201.8393807,0.9409298,0.366827075,582,54.8,0,20.0,0.52049816,7.060313056,-116.6009531,4.8,61.01315419,127.6432223,3232019,0.0,63.851463,36.28638416575944,50.70069338643641,26.746236097365383,82.13921140886427,38.24614662644886,0.0,20,3,60,100,10,reformer,,,,,,,,,,,,,,,,,,,,,,,,,,,,,,,,,,
22-02-2026 6.06,spectrum_crunch,reformer,3.716571178,42.92295076,0.781597229,77.01380075,0.9383305,0.699203033,570,53.0,0,95.0,0.989801307,19.96362616,-114.7256295,3.4,46.05780681,171.8861402,3232019,0.0,91.40975,85.93838276574755,47.89124120037415,52.34295955927885,75.33591660338837,57.289269835025394,0.0,20,3,60,100,10,reformer,,,,,,,,,,,,,,,,,,,,,,,,,,,,,,,,,,
22-02-2026 6.09,mobility_storm,trxl,2.112079542,51.84087769,0.186100591,76.48579,0.43417175,0.605564951,558,26.0,0,65.0,0.0,10.12360307,-126.4329938,0.0,11.11543676,97.62490456,3195155,1.0,71.381905,66.08696617934375,89.10441388569701,24.97506316100473,94.13823321492598,35.73613138673432,0.0,20,3,60,100,10,trxl,,,,,,,,,,,,,,,,,,,,,,,,,,,,,,,,,,
22-02-2026 6.09,handover_ping_pong,trxl,2.434983674,46.36004839,0.152116559,65.06821975,0.37780985,0.582001055,569,12.0,0,75.0,0.0,15.83762389,-123.7673856,0.0,11.13841251,90.66341708,3195155,1.0,69.496216,72.39920136255142,92.42878748602534,24.651582004412443,95.21125107703625,45.42453872517317,0.0,20,3,60,100,10,trxl,,,,,,,,,,,,,,,,,,,,,,,,,,,,,,,,,,
22-02-2026 6.11,flash_crowd,trxl,1.843347037,62.43259763,0.334165583,111.5702358,0.80885845,0.526264431,592,52.9,0,55.0,0.0,7.565885638,-122.843343,12.35,14.63673671,78.25810685,3195155,0.0,73.20828,58.396694393651146,51.70878129195334,21.149623187697994,89.46320286039895,34.67144727898745,0.0,20,3,60,100,10,trxl,,,,,,,,,,,,,,,,,,,,,,,,,,,,,,,,,,
22-02-2026 6.13,traffic_burst,trxl,1.910197772,65.06538822,0.414819282,123.726266,0.9043646,0.540961636,578,47.0,0,60.0,0.0,8.000350392,-124.9315402,5.6,13.88175726,72.98000835,3195155,0.0,73.30591,59.644511331104816,54.54575050552009,21.61001803400721,86.91662864365307,33.840859505586245,0.0,20,3,60,100,10,trxl,,,,,,,,,,,,,,,,,,,,,,,,,,,,,,,,,,
22-02-2026 6.15,adversarial,trxl,2.268949635,42.28083448,0.159116214,88.7168555,0.86145025,0.734569086,456,15.0,0,75.0,0.759370847,21.75291158,-120.071253,6.85,14.00810361,77.48938283,3195155,0.0,77.681046,70.7767425361075,64.01862616152114,43.12398189959971,94.99024272689083,56.094977441671325,0.0,20,3,60,100,10,trxl,,,,,,,,,,,,,,,,,,,,,,,,,,,,,,,,,,
22-02-2026 6.15,sleepy_campus,trxl,1.795955315,84.44273423,0.423329393,162.9542537,0.9517967,0.582235666,585,51.4,0,50.0,0.194727453,8.495428865,-120.0959978,15.3,18.6667939,87.69801549,3195155,0.0,77.81475,51.690559752579155,47.44647826540129,26.847716173633888,86.64792888749875,37.830399993289745,0.0,20,3,60,100,10,trxl,,,,,,,,,,,,,,,,,,,,,,,,,,,,,,,,,,
22-02-2026 6.15,ambulance,trxl,2.40775477,44.72866723,0.178685862,63.968632,0.38540535,0.58598659,577,23.3,0,75.0,0.0,16.65028409,-123.2705717,0.55,13.77131303,87.87778394,3195155,0.0,70.39997,72.47196390048344,69.71444152921812,24.637008619510613,94.37234718526672,46.88296979129376,0.0,20,3,60,100,10,trxl,,,,,,,,,,,,,,,,,,,,,,,,,,,,,,,,,,
22-02-2026 6.16,iot_tsunami,trxl,0.170282,99.298355,0.017940753,187.2685303,0.05791475,0.306936555,6,0.0,0,5.0,0.0,-1.615713323,-125.9115343,0.0,14.74086444,0.150691183,3195155,1.0,79.391335,24.672631974185634,99.26189073552061,7.814570800550586,99.447741806007,19.934835455111,0.0,20,3,60,100,10,trxl,,,,,,,,,,,,,,,,,,,,,,,,,,,,,,,,,,
22-02-2026 6.16,commuter_rush,trxl,1.079225291,59.0278639,0.204405797,123.8241825,0.8635201,0.982914384,474,26.9,0,65.0,0.858797197,11.26576301,-125.326823,0.0,12.46822895,33.44874068,3195155,1.0,76.59775,57.59913570901139,85.38208074562306,49.302649693672066,93.5602613895814,38.064963064064536,0.0,20,3,60,100,10,trxl,,,,,,,,,,,,,,,,,,,,,,,,,,,,,,,,,,
22-02-2026 6.17,spectrum_crunch,trxl,2.297352235,23.95544353,0.054897194,53.416667,0.17952535,0.587734609,7,0.0,0,75.0,0.0,20.13171765,-122.2547988,0.0,13.15177812,2.096075349,3195155,1.0,75.52862,74.48011572701533,97.66377485136809,21.707906364753022,98.2808725742153,52.36974304127612,0.0,20,3,60,100,10,trxl,,,,,,,,,,,,,,,,,,,,,,,,,,,,,,,,,,
22-02-2026 6.17,urban_canyon,trxl,0.271623993,39.25637724,0.039003658,134.099794,0.265486,0.572135287,160,0.5,0,0.0,0.044126033,-7.359313484,-136.3002843,1.75,11.58627351,4.396211833,3195155,0.0,84.18385,32.05509371354065,76.16775781923343,17.80200033908121,98.78269790265463,4.922125126539693,0.0,20,3,60,100,10,trxl,,,,,,,,,,,,,,,,,,,,,,,,,,,,,,,,,,
22-02-2026 6.20,mixed_reality,trxl,1.637937543,117.8077948,0.567821704,202.2325012,0.9031433,0.311614857,591,57.6,0,20.0,0.021759433,4.805800853,-119.4947572,3.3,9.892295996,61.68365658,3195155,0.0,76.217514,35.10357001266133,51.40766630983866,13.456112945052471,82.08570299739262,33.1633055352995,0.0,20,3,60,100,10,trxl,,,,,,,,,,,,,,,,,,,,,,,,,,,,,,,,,,
22-02-2026 6.26,handover_ping_pong,universal,1.846898307909144,37.81052817799884,0.0767648248096399,65.33965567023401,0.4790702887608,0.66887972932326,323,2.0008252,0,75.328785,0.0,27.022520019873003,-108.813007453185,0.0,52.221642148096,161.9492673227121,847379,0.929985,72.554454,70.24617921877837,93.27603129093872,28.583024669275545,97.59042011522581,71.05012692099318,0.0,20,3,60,100,10,universal,,,,,,,,,,,,,,,,,,,,,,,,,,,,,,,,,,
22-02-2026 6.26,mobility_storm,universal,1.6871217808724686,33.51581779367184,0.0547703889422799,49.10959249625,0.4702691294884,0.89220442819389,277,1.176956,0,83.69865,1.29110424644208,26.441866959396,-108.8435843370015,0.0,55.04021776784399,98.96057604573213,847379,0.929985,71.907714,73.55115020741867,93.88130313192774,57.74768088788476,98.28487633962898,70.2299954782275,0.0,20,3,60,100,10,universal,,,,,,,,,,,,,,,,,,,,,,,,,,,,,,,,,,
22-02-2026 6.27,flash_crowd,universal,1.1155957254293356,81.7312053519535,0.460894513705428,159.14236741271,1.1106005742193998,0.6214560035544001,656,66.38031840000001,0,41.849325,0.0,8.219595439271686,-109.49792559594,9.736636,55.29876938620159,68.1463385187795,847379,0.0,76.2123024,45.696798983196175,46.490974569258874,22.448955501464006,85.46184109458314,44.70114178990987,0.0,20,3,60,100,10,universal,,,,,,,,,,,,,,,,,,,,,,,,,,,,,,,,,,
22-02-2026 6.28,traffic_burst,universal,1.3621256278224527,100.99317975304446,0.680807195785244,197.280542027756,1.1145138940716,0.624222719159235,605,53.55149799999999,0,46.03425750000001,0.0,12.489465263262751,-109.478230187613,7.061735999999999,57.1298538099884,60.47103503962363,847379,0.0,75.330018,44.68012051325687,46.1129146379326,22.816012522905087,78.51827901294949,50.59168073804267,0.0,20,3,60,100,10,universal,,,,,,,,,,,,,,,,,,,,,,,,,,,,,,,,,,
22-02-2026 6.31,adversarial,universal,1.86634634543406,55.6405266953998,0.2030806318048639,142.0147113387552,1.0943840036690002,0.6827352196540051,507,12.0049512,0,71.1438525,0.0,21.233182066397703,-110.4376167563865,7.543217999999999,58.4680155366808,217.03474429084665,847379,0.0,76.9330674,63.36444190825483,61.51840126637542,30.85288696686777,93.60210239080891,61.97022556000363,0.0,20,3,60,100,10,universal,,,,,,,,,,,,,,,,,,,,,,,,,,,,,,,,,,
22-02-2026 6.31,sleepy_campus,universal,1.1079134247514095,106.6380079309314,0.5365978242443281,187.3978363404092,1.1176331805584,0.56262048764964,640,62.7317548,0,33.47946,0.0,7.660408121447446,-109.24764087185552,12.83952,56.2568949521844,91.77747797052136,847379,0.0,76.052808,38.858555816149476,43.758226164530896,21.23607776517141,83.07157132232297,44.10270015933676,0.0,20,3,60,100,10,universal,,,,,,,,,,,,,,,,,,,,,,,,,,,,,,,,,,
22-02-2026 6.32,ambulance,universal,1.86338210752512,38.39535557826496,0.1311208404990879,65.94342585954199,0.4466962896989999,0.6975126887438851,534,6.0024756,0,75.328785,0.0486103717491,24.497003092674003,-109.86839674550252,3.049386,53.23340476608039,120.0842389493964,847379,0.0,71.5314465,70.24543336579309,71.42422453587437,29.133008413953988,95.87417362193375,66.85197836797136,0.0,20,3,60,100,10,universal,,,,,,,,,,,,,,,,,,,,,,,,,,,,,,,,,,
22-02-2026 6.33,iot_tsunami,universal,0.1018858083750045,111.813716782955,0.0150797781738999,323.3988232044988,0.1610739022705999,0.16864544774826,4,0.0,0,4.1849325,0.0,-3.678372991476436,-117.9427048866255,0.0,18.4218679631932,0.1971850092403275,847379,0.929985,73.23913440000001,16.14006293836397,97.13604228940828,3.0757360960662905,99.53807473329041,22.547453721419906,0.0,20,3,60,100,10,universal,,,,,,,,,,,,,,,,,,,,,,,,,,,,,,,,,,
22-02-2026 6.33,commuter_rush,universal,1.281484843552242,33.91045371800548,0.041222188319004,57.18290776053899,0.53552086478,0.821349435544785,83,1.8831296,0,79.5137175,1.1887919206275002,17.10678361278495,-113.89591552047452,1.658438,50.919167910042,81.27570109520138,847379,0.0,72.9327465,69.50837033502566,73.92055327118227,52.057257681998884,98.71264963233978,53.92472863119748,0.0,20,3,60,100,10,universal,,,,,,,,,,,,,,,,,,,,,,,,,,,,,,,,,,
22-02-2026 6.34,spectrum_crunch,universal,1.498734500782995,40.3149763341886,0.1509962953766519,83.050612550136,0.9531046181888,0.69253034711553,30,1.765434,0,66.95892,0.634894644848625,9.3495333884421,-117.3114133989105,2.40741,38.8204038904944,14.276793512752786,847379,0.0,72.586737,64.36193101727633,68.314259411547,35.744720257232196,95.24662247964454,40.91099483980894,0.0,20,3,60,100,10,universal,,,,,,,,,,,,,,,,,,,,,,,,,,,,,,,,,,
22-02-2026 6.34,urban_canyon,universal,0.2620957379022044,25.06677647463176,0.031572413169748,88.284893970999,0.3583603867491999,0.761505417866445,124,0.588478,0,0.0,0.116691027566295,-5.4698980214753705,-126.1520773532565,8.506182,49.5007871093056,32.413995904901945,847379,0.0,81.77847750000001,35.65659435591579,71.50089996960283,26.32901186931394,99.01733334675305,14.465359806490586,0.0,20,3,60,100,10,universal,,,,,,,,,,,,,,,,,,,,,,,,,,,,,,,,,,
22-02-2026 6.37,mixed_reality,universal,1.274549642046135,100.21684451040768,0.643167528534212,169.93690763841,1.0554707782234,0.5666009527175551,647,68.14575239999999,0,54.40412250000001,0.0,9.6732266272992,-109.80265759382851,3.851856,38.3116891080804,72.92183137592882,847379,0.0,71.973234,48.556573549306215,46.82441668114466,21.11556992581381,79.70672055173586,46.4934506083347,0.0,20,3,60,100,10,universal,,,,,,,,,,,,,,,,,,,,,,,,,,,,,,,,,,
22-02-2026 7.45,mobility_storm,Baseline,0.9051473102400001,53.43556934246401,0.016357355136,58.582696089600006,0.7219109836800001,0.5775187163840001,36,1.24416,0,39.74400000000001,0.6205364922240001,28.322166924160005,-82.538465712,0.0,0.09779729140799989,4.532096980032,0,0.7360000000000001,60.0,51.57758797365242,88.79978197252126,30.086187784609706,99.49773629138471,90.81402132047273,100.0,20,3,60,100,10,Baseline,,,,,,,,,,,,,,,,,,,,,,,,,,,,,,,,,,
22-02-2026 7.47,flash_crowd,Baseline,0.49327609735679995,138.644197523712,0.9573170499072001,224.08117447680002,1.9308563827199998,0.4611164766720001,955,119.23200000000001,0,13.248000000000001,0.0,5.594504656608001,-80.0131712544,11.2752,0.1049563409759999,2.4821400585216002,0,0.0,60.0,23.5381505572971,21.646752043615415,13.69631463853032,69.78770776930278,61.25919733941987,100.0,20,3,60,100,10,Baseline,,,,,,,,,,,,,,,,,,,,,,,,,,,,,,,,,,
22-02-2026 7.48,traffic_burst,Baseline,0.6580975737792001,188.850398628096,1.3726903251456002,290.08784067839997,1.9650717158400002,0.46338937788800005,737,92.2752,0,28.704000000000004,0.0,12.30435881888,-79.93300252800002,5.0544,0.095554790208,3.3115132848192004,0,0.0,60.0,21.58105590988943,21.879981264127984,14.14712546393869,56.672638204453705,70.54951115449535,100.0,20,3,60,100,10,Baseline,,,,,,,,,,,,,,,,,,,,,,,,,,,,,,,,,,
22-02-2026 7.50,adversarial,Baseline,0.9312635881152002,82.85815009843199,0.2598019577856,291.27999437568,1.9650717158400002,0.542485079584,155,16.79616,0,39.74400000000001,0.0,29.134622390720004,-80.1709495616,5.0544,0.094182357312,4.686070676544,0,0.0,60.0,37.433193921226604,54.63335225009037,17.397574105704766,91.81117317028821,93.55196367543921,100.0,20,3,60,100,10,Baseline,,,,,,,,,,,,,,,,,,,,,,,,,,,,,,,,,,
22-02-2026 7.50,sleepy_campus,Baseline,0.48445345044480004,206.55193719859201,1.251705032064,287.22515542272,1.9668662092800002,0.421771165664,942,121.72032000000003,0,11.040000000000001,0.0,4.996390842304,-80.26671780800001,16.524,0.10577516544000001,2.4417187169856005,0,0.0,60.0,12.849307104722186,12.372462006412652,12.368843458672947,60.49264933583463,60.26249385446128,100.0,20,3,60,100,10,Baseline,,,,,,,,,,,,,,,,,,,,,,,,,,,,,,,,,,
22-02-2026 7.50,ambulance,Baseline,0.9799319116608001,56.54550863001601,0.1073718830591999,62.58039626880001,0.75563891712,0.55357715232,142,1.24416,0,39.74400000000001,0.022691743328,31.6308468208,-80.67352039040001,2.592,0.10088539113600001,4.930967189952001,0,0.0,60.0,51.46720037889887,70.58037754547274,18.30061822653187,96.62402742208016,96.64395536743459,100.0,20,3,60,100,10,Baseline,,,,,,,,,,,,,,,,,,,,,,,,,,,,,,,,,,
22-02-2026 7.52,iot_tsunami,Baseline,0.0408487273152,90.01256025600001,0.07146989406719989,136.88656197120002,0.18067193856000002,0.080161250848,11,0.0,0,2.2080000000000006,0.0,-3.550645402656,-86.9536065056,0.0,0.11425781203200001,0.0058144173696000005,0,0.7360000000000001,60.0,26.394896181824123,92.06988440708749,0.0,97.75760319889508,43.92365728853533,100.0,20,3,60,100,10,Baseline,,,,,,,,,,,,,,,,,,,,,,,,,,,,,,,,,,
22-02-2026 7.52,commuter_rush,Baseline,0.7980122988287999,49.997591718912005,0.03000997486079989,60.13440000000001,0.84603927168,0.7334741635520001,54,1.8662400000000003,0,44.160000000000004,1.225858466048,22.224191482240002,-85.7422193216,0.0,0.09806604681600001,4.008875313676801,0,0.7360000000000001,60.0,52.824877537381894,87.51087838337325,46.32596544220053,99.06666605141702,80.22897898642368,100.0,20,3,60,100,10,Baseline,,,,,,,,,,,,,,,,,,,,,,,,,,,,,,,,,,
22-02-2026 7.53,urban_canyon,Baseline,0.257361397632,41.96692301184,0.03694272468479979,109.17938989440002,0.7380746956800001,0.43129489232,68,1.24416,0,13.248000000000001,0.037923498848000003,0.6768096700160001,-96.83223272960002,4.86,0.10405048363200001,1.2950293717248,0,0.0,60.0,37.55974892378429,70.63751799037702,12.876124546889475,98.84777017718132,42.98413290697098,100.0,20,3,60,100,10,Baseline,,,,,,,,,,,,,,,,,,,,,,,,,,,,,,,,,,
22-02-2026 7.56,mixed_reality,Baseline,0.48798402787199985,255.30666835968,1.7613904543488001,315.79048903679995,1.9588050892800002,0.362254784736,945,122.13504,0,11.040000000000001,0.0,4.690019903136001,-80.15690491520002,5.508,0.08942596473600001,2.4555106352640004,0,0.0,60.0,6.599380814867731,9.645078616964714,10.39892548239079,44.39975128981064,59.91592942601739,100.0,20,3,60,100,10,Baseline,,,,,,,,,,,,,,,,,,,,,,,,,,,,,,,,,,
22-02-2026 8.11,spectrum_crunch,Baseline,1.0176783088896,85.706604444672,1.900736959104,104.6675317824,1.9910873088,0.334557973504,950,123.17184,0,37.536,0.0,4.421813905408,-81.31443868480001,0.0,0.07063346966400001,5.0955427221119995,0,0.7360000000000001,60.0,45.926296607006435,24.720000000000002,10.68374948520008,40.0,58.75487257070651,100.0,20,3,60,100,10,Baseline,,,,,,,,,,,,,,,,,,,,,,,,,,,,,,,,,,
22-02-2026 7.45,handover_ping_pong,Baseline,1.0011659725440003,53.444719496448,0.0156738488832,57.8624466816,0.75563891712,0.5532308407680001,35,1.24416,0,39.74400000000001,0.0,32.601713289600006,-80.1721702176,0.0,0.103824927792,5.012865009984001,0,0.7360000000000001,60.0,52.11955386807555,88.55792417310923,17.913032073245006,99.51931743920491,98.32324551020992,100.0,20,3,60,100,10,Baseline,,,,,,,,,,,,,,,,,,,,,,,,,,,,,,,,,,
